slug	name	priorityRank	graph_version
westmount	Westmount	1	2.3
saint-lambert	Saint-Lambert	2	2.3
hampstead	Hampstead	3	2.3
mont-royal	Mont-Royal	4	2.3
montreal-ouest	Montréal-Ouest	5	2.3
cote-saint-luc	Côte-Saint-Luc	6	2.3
longueuil	Longueuil	7	2.3
brossard	Brossard	8	none
sainte-catherine	Sainte-Catherine	9	2.3
la-prairie	La Prairie	10	2.3
delson	Delson	11	2.3
candiac	Candiac	12	2.3
montreal-est	Montréal-Est	13	2.3
boucherville	Boucherville	14	2.3
dorval	Dorval	15	2.3
lile-dorval	L'Île-Dorval	16	none
saint-constant	Saint-Constant	17	2.2
saint-bruno-de-montarville	Saint-Bruno-de-Montarville	18	2.3
carignan	Carignan	19	2.3
dollard-des-ormeaux	Dollard-Des Ormeaux	20	2.3
pointe-claire	Pointe-Claire	21	2.3
saint-philippe	Saint-Philippe	22	2.2
saint-mathieu	Saint-Mathieu	23	2.3
chateauguay	Châteauguay	24	2.3
sainte-julie	Sainte-Julie	25	2.3
saint-basile-le-grand	Saint-Basile-le-Grand	26	2.3
chambly	Chambly	27	2.3
rosemere	Rosemère	28	2.3
varennes	Varennes	29	2.3
kirkland	Kirkland	30	none
bois-des-filion	Bois-des-Filion	31	2.3
saint-isidore-roussillon	Saint-Isidore	32	2.3
beaconsfield	Beaconsfield	33	2.3
lorraine	Lorraine	34	2.3
lery	Léry	35	2.3
mercier	Mercier	36	2.3
charlemagne	Charlemagne	37	2.3
boisbriand	Boisbriand	38	2.3
deux-montagnes	Deux-Montagnes	39	2.3
mcmasterville	McMasterville	40	2.3
sainte-therese	Sainte-Thérèse	41	2.3
saint-mathias-sur-richelieu	Saint-Mathias-sur-Richelieu	42	2.3
saint-mathieu-de-beloeil	Saint-Mathieu-de-Beloeil	43	2.3
saint-amable	Saint-Amable	44	2.3
terrebonne	Terrebonne	45	2.3
saint-remi	Saint-Rémi	46	2.3
otterburn-park	Otterburn Park	47	2.3
saint-jacques-le-mineur	Saint-Jacques-le-Mineur	48	2.3
richelieu	Richelieu	49	2.3
beloeil	Beloeil	50	2.3
baie-durfe	Baie-D'Urfé	51	2.3
sainte-marthe-sur-le-lac	Sainte-Marthe-sur-le-Lac	52	2.2
saint-jean-sur-richelieu	Saint-Jean-sur-Richelieu	53	2.3
mascouche	Mascouche	54	2.3
saint-eustache	Saint-Eustache	55	2.3
notre-dame-de-lile-perrot	Notre-Dame-de-l'Île-Perrot	56	2.3
repentigny	Repentigny	57	2.3
saint-edouard	Saint-Édouard	58	2.3
sainte-anne-de-bellevue	Sainte-Anne-de-Bellevue	59	2.3
saint-michel	Saint-Michel	60	2.2
blainville	Blainville	61	2.3
pointe-calumet	Pointe-Calumet	62	2.3
mont-saint-hilaire	Mont-Saint-Hilaire	63	2.3
senneville	Senneville	64	2.3
marieville	Marieville	65	none
lile-perrot	L'Île-Perrot	66	2.3
vercheres	Verchères	67	2.3
saint-marc-sur-richelieu	Saint-Marc-sur-Richelieu	68	2.3
sainte-martine	Sainte-Martine	69	2.2
beauharnois	Beauharnois	70	2.3
sainte-anne-des-plaines	Sainte-Anne-des-Plaines	71	2.3
saint-urbain-premier	Saint-Urbain-Premier	72	2.3
terrasse-vaudreuil	Terrasse-Vaudreuil	73	2.3
saint-joseph-du-lac	Saint-Joseph-du-Lac	74	2.3
saint-jean-baptiste	Saint-Jean-Baptiste	75	2.3
pincourt	Pincourt	76	2.3
calixa-lavallee	Calixa-Lavallée	77	2.3
lile-cadieux	L'Île-Cadieux	78	2.3
pointe-des-cascades	Pointe-des-Cascades	79	2.3
saint-charles-sur-richelieu	Saint-Charles-sur-Richelieu	80	2.3
napierville	Napierville	81	2.3
vaudreuil-sur-le-lac	Vaudreuil-sur-le-Lac	82	2.3
saint-blaise-sur-richelieu	Saint-Blaise-sur-Richelieu	83	2.3
mont-saint-gregoire	Mont-Saint-Grégoire	84	2.3
sainte-madeleine	Sainte-Madeleine	85	2.3
saint-cyprien-de-napierville	Saint-Cyprien-de-Napierville	86	2.3
saint-patrice-de-sherrington	Saint-Patrice-de-Sherrington	87	2.3
saint-roch-de-lachigan	Saint-Roch-de-l'Achigan	88	2.2
sainte-angele-de-monnoir	Sainte-Angèle-de-Monnoir	89	2.3
lepiphanie	L'Épiphanie	90	2.3
oka	Oka	91	2.3
sainte-marie-madeleine	Sainte-Marie-Madeleine	92	2.3
saint-etienne-de-beauharnois	Saint-Étienne-de-Beauharnois	93	2.3
sainte-clotilde	Sainte-Clotilde	94	2.2
vaudreuil-dorion	Vaudreuil-Dorion	95	2.2
rougemont	Rougemont	96	2.3
saint-roch-ouest	Saint-Roch-Ouest	97	2.3
saint-sulpice	Saint-Sulpice	98	2.3
lassomption	L'Assomption	99	2.3
howick	Howick	100	2.3
mirabel	Mirabel	101	2.3
sainte-anne-de-sabrevois	Sainte-Anne-de-Sabrevois	102	2.3
saint-lin-laurentides	Saint-Lin-Laurentides	103	2.2
saint-damase-les-maskoutains	Saint-Damase	104	2.3
saint-antoine-sur-richelieu	Saint-Antoine-sur-Richelieu	105	2.3
saint-denis-sur-richelieu	Saint-Denis-sur-Richelieu	106	2.3
tres-saint-sacrement	Très-Saint-Sacrement	107	2.3
la-presentation	La Présentation	108	2.3
sainte-brigide-diberville	Sainte-Brigide-d'Iberville	109	2.2
les-cedres	Les Cèdres	110	2.3
saint-esprit	Saint-Esprit	111	2.2
saint-valentin	Saint-Valentin	112	2.2
sainte-sophie	Sainte-Sophie	113	2.2
hudson	Hudson	114	2.3
saint-alexandre	Saint-Alexandre	115	2.2
saint-chrysostome	Saint-Chrysostome	116	2.3
hemmingford-les-jardins-de-napierville	Hemmingford	117	2.3
saint-cesaire	Saint-Césaire	118	2.2
saint-paul-de-lile-aux-noix	Saint-Paul-de-l'Île-aux-Noix	119	2.2
saint-louis-de-gonzague-beauharnois-salaberry	Saint-Louis-de-Gonzague	120	2.3
salaberry-de-valleyfield	Salaberry-de-Valleyfield	121	2.3
saint-lazare	Saint-Lazare	122	2.3
saint-bernard-de-lacolle	Saint-Bernard-de-Lacolle	123	2.3
saint-alexis	Saint-Alexis	124	2.3
sainte-marie-salome	Sainte-Marie-Salomé	125	2.3
lavaltrie	Lavaltrie	126	2.3
contrecoeur	Contrecoeur	127	2.3
henryville	Henryville	128	2.3
saint-jerome	Saint-Jérôme	129	2.3
saint-placide	Saint-Placide	130	2.3
saint-jacques	Saint-Jacques	131	2.3
hemmingford-les-jardins-de-napierville-2	Hemmingford	132	2.3
saint-colomban	Saint-Colomban	133	2.3
saint-hyacinthe	Saint-Hyacinthe	134	2.2
lacolle	Lacolle	135	2.3
saint-sebastien-le-haut-richelieu	Saint-Sébastien	136	2.3
saint-paul	Saint-Paul	137	2.3
saint-pie	Saint-Pie	138	2.3
havelock	Havelock	139	2.3
sainte-sabine-brome-missisquoi	Sainte-Sabine	140	2.2
saint-bernard-de-michaudville	Saint-Bernard-de-Michaudville	141	2.3
crabtree	Crabtree	142	2.3
coteau-du-lac	Coteau-du-Lac	143	2.3
sainte-julienne	Sainte-Julienne	144	2.3
farnham	Farnham	145	2.3
saint-paul-dabbotsford	Saint-Paul-d'Abbotsford	146	2.3
saint-clet	Saint-Clet	147	2.3
saint-roch-de-richelieu	Saint-Roch-de-Richelieu	148	2.3
saint-jude	Saint-Jude	149	2.3
noyan	Noyan	150	2.3
ormstown	Ormstown	151	2.3
ange-gardien	Ange-Gardien	152	2.3
saint-ours	Saint-Ours	153	2.3
prevost	Prévost	154	2.3
saint-stanislas-de-kostka	Saint-Stanislas-de-Kostka	155	2.3
saint-calixte	Saint-Calixte	156	2.3
saint-barnabe-sud	Saint-Barnabé-Sud	157	2.3
notre-dame-de-stanbridge	Notre-Dame-de-Stanbridge	158	none
franklin	Franklin	159	2.3
saint-pierre	Saint-Pierre	160	2.3
saint-liguori	Saint-Liguori	161	2.3
saint-hippolyte	Saint-Hippolyte	162	2.3
venise-en-quebec	Venise-en-Québec	163	2.3
clarenceville	Clarenceville	164	2.3
joliette	Joliette	165	2.3
les-coteaux	Les Coteaux	166	2.3
saint-dominique	Saint-Dominique	167	2.3
sainte-marthe	Sainte-Marthe	168	2.3
pike-river	Pike River	169	2.3
rigaud	Rigaud	170	2.3
lanoraie	Lanoraie	171	2.3
sainte-anne-des-lacs	Sainte-Anne-des-Lacs	172	2.3
saint-andre-dargenteuil	Saint-André-d'Argenteuil	173	2.3
lachute	Lachute	174	2.3
saint-louis	Saint-Louis	175	2.3
saint-simon	Saint-Simon	176	2.3
saint-thomas	Saint-Thomas	177	2.3
gore	Gore	178	2.3
stanbridge-station	Stanbridge Station	179	2.3
saint-charles-borromee	Saint-Charles-Borromée	180	2.3
saint-ignace-de-stanbridge	Saint-Ignace-de-Stanbridge	181	2.3
mille-isles	Mille-Isles	182	2.3
piedmont	Piedmont	183	2.3
saint-alphonse-de-granby	Saint-Alphonse-de-Granby	184	2.3
saint-zotique	Saint-Zotique	185	2.3
sainte-barbe	Sainte-Barbe	186	2.3
bedford-brome-missisquoi-2	Bedford	187	2.3
bedford-brome-missisquoi	Bedford	188	2.3
notre-dame-des-prairies	Notre-Dame-des-Prairies	189	2.3
pointe-fortune	Pointe-Fortune	190	2.3
sainte-victoire-de-sorel	Sainte-Victoire-de-Sorel	191	2.3
saint-polycarpe	Saint-Polycarpe	192	2.3
rawdon	Rawdon	193	2.3
tres-saint-redempteur	Très-Saint-Rédempteur	194	2.3
saint-sauveur	Saint-Sauveur	195	2.3
sainte-cecile-de-milton	Sainte-Cécile-de-Milton	196	2.3
saint-liboire	Saint-Liboire	197	2.3
saint-ambroise-de-kildare	Saint-Ambroise-de-Kildare	198	2.3
granby	Granby	199	2.3
saint-hugues	Saint-Hugues	200	2.3
hinchinbrooke	Hinchinbrooke	201	2.3
saint-marcel-de-richelieu	Saint-Marcel-de-Richelieu	202	2.3
brigham	Brigham	203	2.3
huntingdon	Huntingdon	204	2.3
saint-valerien-de-milton	Saint-Valérien-de-Milton	205	2.3
stanbridge-east	Stanbridge East	206	2.3
sainte-elisabeth	Sainte-Élisabeth	207	2.3
sorel-tracy	Sorel-Tracy	208	2.3
saint-armand	Saint-Armand	209	2.3
massueville	Massueville	210	none
riviere-beaudette	Rivière-Beaudette	211	2.3
notre-dame-de-lourdes-joliette	Notre-Dame-de-Lourdes	212	2.3
sainte-adele	Sainte-Adèle	213	2.3
saint-aime	Saint-Aimé	214	2.3
sainte-justine-de-newton	Sainte-Justine-de-Newton	215	2.3
saint-robert	Saint-Robert	216	2.3
sainte-marcelline-de-kildare	Sainte-Marcelline-de-Kildare	217	2.3
east-farnham	East Farnham	218	2.3
saint-telesphore	Saint-Télesphore	219	2.3
saint-joseph-de-sorel	Saint-Joseph-de-Sorel	220	2.3
sainte-helene-de-bagot	Sainte-Hélène-de-Bagot	221	2.3
morin-heights	Morin-Heights	222	2.3
sainte-genevieve-de-berthier	Sainte-Geneviève-de-Berthier	223	2.3
wentworth	Wentworth	224	2.3
esterel	Estérel	225	2.3
cowansville	Cowansville	226	2.3
godmanchester	Godmanchester	227	2.3
upton	Upton	228	2.3
brownsburg-chatham	Brownsburg-Chatham	229	2.3
berthierville	Berthierville	230	2.3
saint-ignace-de-loyola	Saint-Ignace-de-Loyola	231	2.3
sainte-anne-de-sorel	Sainte-Anne-de-Sorel	232	2.3
sainte-melanie	Sainte-Mélanie	233	2.3
bromont	Bromont	234	2.3
roxton-pond	Roxton Pond	235	2.3
sainte-marguerite-du-lac-masson	Sainte-Marguerite-du-Lac-Masson	236	2.3
dunham	Dunham	237	2.3
chertsey	Chertsey	238	2.3
val-morin	Val-Morin	239	2.3
saint-guillaume	Saint-Guillaume	240	2.2
saint-david	Saint-David	241	2.3
elgin	Elgin	242	2.3
saint-anicet	Saint-Anicet	243	2.2
saint-eugene	Saint-Eugène	244	2.2
saint-felix-de-valois	Saint-Félix-de-Valois	245	2.3
yamaska	Yamaska	246	2.3
saint-alphonse-rodriguez	Saint-Alphonse-Rodriguez	247	2.3
saint-norbert	Saint-Norbert	248	2.3
la-visitation-de-lile-dupas	La Visitation-de-l'Île-Dupas	249	none
entrelacs	Entrelacs	250	none
wentworth-nord	Wentworth-Nord	251	2.3
val-david	Val-David	252	2.3
frelighsburg	Frelighsburg	253	2.3
saint-nazaire-dacton	Saint-Nazaire-d'Acton	254	2.3
saint-adolphe-dhoward	Saint-Adolphe-d'Howard	255	2.3
saint-gerard-majella	Saint-Gérard-Majella	256	2.3
sainte-beatrix	Sainte-Béatrix	257	2.3
acton-vale	Acton Vale	258	2.3
shefford	Shefford	259	2.3
saint-cuthbert	Saint-Cuthbert	260	2.3
saint-theodore-dacton	Saint-Théodore-d'Acton	261	2.3
saint-joachim-de-shefford	Saint-Joachim-de-Shefford	262	2.3
roxton-falls	Roxton Falls	263	2.3
grenville	Grenville	264	2.3
saint-edmond-de-grantham	Saint-Edmond-de-Grantham	265	2.3
saint-cleophas-de-brandon	Saint-Cléophas-de-Brandon	266	2.3
roxton	Roxton	267	2.3
lac-des-seize-iles	Lac-des-Seize-Îles	268	2.3
saint-jean-de-matha	Saint-Jean-de-Matha	269	2.3
saint-francois-du-lac	Saint-François-du-Lac	270	2.3
saint-barthelemy	Saint-Barthélemy	271	2.3
waterloo	Waterloo	272	2.2
warden	Warden	273	2.3
lac-brome	Lac-Brome	274	2.3
saint-germain-de-grantham	Saint-Germain-de-Grantham	275	2.3
saint-pie-de-guire	Saint-Pie-de-Guire	276	2.3
sainte-agathe-des-monts	Sainte-Agathe-des-Monts	277	2.3
brome	Brome	278	2.3
saint-bonaventure	Saint-Bonaventure	279	2.3
saint-come	Saint-Côme	280	2.3
sainte-lucie-des-laurentides	Sainte-Lucie-des-Laurentides	281	2.3
abercorn	Abercorn	282	2.3
dundee	Dundee	283	2.3
grenville-sur-la-rouge	Grenville-sur-la-Rouge	284	2.3
wickham	Wickham	285	2.3
saint-gabriel-de-brandon	Saint-Gabriel-de-Brandon	286	2.3
pierreville	Pierreville	287	2.3
montcalm	Montcalm	288	2.3
ivry-sur-le-lac	Ivry-sur-le-Lac	289	2.3
maskinonge	Maskinongé	290	2.3
bethanie	Béthanie	291	none
sutton	Sutton	292	2.3
saint-majorique-de-grantham	Saint-Majorique-de-Grantham	293	2.3
notre-dame-de-la-merci	Notre-Dame-de-la-Merci	294	2.3
sainte-christine	Sainte-Christine	295	2.3
lantier	Lantier	296	2.3
sainte-anne-de-la-rochelle	Sainte-Anne-de-la-Rochelle	297	2.3
saint-elphege	Saint-Elphège	298	2.3
saint-justin	Saint-Justin	299	2.3
saint-gabriel	Saint-Gabriel	300	2.3
stukely-sud	Stukely-Sud	301	2.3
lefebvre	Lefebvre	302	none
saint-damien	Saint-Damien	303	2.3
harrington	Harrington	304	2.3
bolton-ouest	Bolton-Ouest	305	2.3
sainte-emelie-de-lenergie	Sainte-Émélie-de-l'Énergie	306	2.3
barkmere	Barkmere	307	2.3
drummondville	Drummondville	308	2.3
mont-blanc	Mont-Blanc	309	2.3
valcourt-le-val-saint-francois	Valcourt	310	2.3
saint-didace	Saint-Didace	311	2.3
lawrenceville	Lawrenceville	312	2.3
saint-zephirin-de-courval	Saint-Zéphirin-de-Courval	313	2.3
sainte-ursule	Sainte-Ursule	314	2.3
arundel	Arundel	315	2.3
louiseville	Louiseville	316	2.3
saint-etienne-de-bolton	Saint-Étienne-de-Bolton	317	2.3
saint-edouard-de-maskinonge	Saint-Édouard-de-Maskinongé	318	2.3
baie-du-febvre	Baie-du-Febvre	319	2.3
valcourt-le-val-saint-francois-2	Valcourt	320	2.3
maricourt	Maricourt	321	2.3
durham-sud	Durham-Sud	322	2.3
bonsecours	Bonsecours	323	none
eastman	Eastman	324	2.3
fassett	Fassett	325	2.3
saint-cyrille-de-wendover	Saint-Cyrille-de-Wendover	326	2.3
la-visitation-de-yamaska	La Visitation-de-Yamaska	327	none
bolton-est	Bolton-Est	328	2.3
huberdeau	Huberdeau	329	2.3
val-des-lacs	Val-des-Lacs	330	2.3
lavenir	L'Avenir	331	2.3
sainte-brigitte-des-saults	Sainte-Brigitte-des-Saults	332	2.3
saint-leon-le-grand-maskinonge	Saint-Léon-le-Grand	333	2.3
notre-dame-de-bonsecours	Notre-Dame-de-Bonsecours	334	none
sainte-angele-de-premont	Sainte-Angèle-de-Prémont	335	2.3
saint-donat-matawinie	Saint-Donat	336	2.3
potton	Potton	337	2.3
ulverton	Ulverton	338	2.3
boileau	Boileau	339	2.3
racine	Racine	340	2.3
brebeuf	Brébeuf	341	2.3
notre-dame-du-bon-conseil-drummond-2	Notre-Dame-du-Bon-Conseil	342	2.3
yamachiche	Yamachiche	343	2.3
mandeville	Mandeville	344	2.3
austin	Austin	345	2.3
sainte-perpetue-nicolet-yamaska	Sainte-Perpétue	346	2.3
saint-severe	Saint-Sévère	347	2.3
orford	Orford	348	2.3
sainte-monique-nicolet-yamaska	Sainte-Monique	349	2.3
nicolet	Nicolet	350	2.3
mont-tremblant	Mont-Tremblant	351	2.3
saint-benoit-du-lac	Saint-Benoît-du-Lac	352	2.3
montebello	Montebello	353	2.3
saint-lucien	Saint-Lucien	354	2.3
melbourne	Melbourne	355	2.3
notre-dame-du-bon-conseil-drummond	Notre-Dame-du-Bon-Conseil	356	2.3
saint-paulin	Saint-Paulin	357	2.3
amherst	Amherst	358	2.3
kingsbury	Kingsbury	359	2.3
saint-felix-de-kingsey	Saint-Félix-de-Kingsey	360	2.3
saint-alexis-des-monts	Saint-Alexis-des-Monts	361	2.3
grand-saint-esprit	Grand-Saint-Esprit	362	2.3
richmond	Richmond	363	2.3
saint-barnabe	Saint-Barnabé	364	2.3
namur	Namur	365	none
magog	Magog	366	2.3
lac-superieur	Lac-Supérieur	367	2.3
papineauville	Papineauville	368	none
notre-dame-de-la-paix	Notre-Dame-de-la-Paix	369	2.3
saint-leonard-daston	Saint-Léonard-d'Aston	370	2.3
stanstead-memphremagog	Stanstead	371	2.3
saint-zenon	Saint-Zénon	372	2.3
charette	Charette	373	none
saint-denis-de-brompton	Saint-Denis-de-Brompton	374	2.3
saint-emile-de-suffolk	Saint-Émile-de-Suffolk	375	2.3
sainte-clotilde-de-horton	Sainte-Clotilde-de-Horton	376	2.3
cleveland	Cleveland	377	2.3
sainte-seraphine	Sainte-Séraphine	378	2.3
la-conception	La Conception	379	none
lac-tremblant-nord	Lac-Tremblant-Nord	380	2.3
saint-celestin-nicolet-yamaska	Saint-Célestin	381	2.3
saint-andre-avellin	Saint-André-Avellin	382	2.3
saint-francois-xavier-de-brompton	Saint-François-Xavier-de-Brompton	383	2.3
saint-celestin-nicolet-yamaska-2	Saint-Célestin	384	2.3
plaisance	Plaisance	385	2.3
ogden	Ogden	386	2.3
cheneville	Chénéville	387	2.3
saint-etienne-des-gres	Saint-Étienne-des-Grès	388	2.3
trois-rivieres	Trois-Rivières	389	2.3
kingsey-falls	Kingsey Falls	390	2.3
saint-elie-de-caxton	Saint-Élie-de-Caxton	391	2.3
saint-wenceslas	Saint-Wenceslas	392	2.3
lac-des-plages	Lac-des-Plages	393	none
sainte-catherine-de-hatley	Sainte-Catherine-de-Hatley	394	2.3
saint-samuel	Saint-Samuel	395	2.3
windsor	Windsor	396	2.3
sainte-elizabeth-de-warwick	Sainte-Élizabeth-de-Warwick	397	2.3
sainte-eulalie	Sainte-Eulalie	398	2.3
ayers-cliff	Ayer's Cliff	399	2.3
danville	Danville	400	2.3
labelle	Labelle	401	2.3
val-joli	Val-Joli	402	2.3
sherbrooke	Sherbrooke	403	2.3
saint-albert	Saint-Albert	404	2.3
ripon	Ripon	405	2.3
north-hatley	North Hatley	406	2.3
stanstead-memphremagog-2	Stanstead	407	2.3
saint-boniface	Saint-Boniface	408	2.3
saint-claude	Saint-Claude	409	2.3
aston-jonction	Aston-Jonction	410	2.3
stanstead-est	Stanstead-Est	411	2.3
lac-simon	Lac-Simon	412	2.3
saint-sixte	Saint-Sixte	413	2.3
hatley-township-municipality	Hatley (township municipality)	414	2.3
lochaber	Lochaber	415	2.3
hatley	Hatley	416	2.3
val-des-sources	Val-des-Sources	417	2.3
becancour	Bécancour	418	2.3
notre-dame-du-mont-carmel	Notre-Dame-du-Mont-Carmel	419	2.3
saint-valere	Saint-Valère	420	2.3
thurso	Thurso	421	2.3
warwick	Warwick	422	2.3
saint-sylvere	Saint-Sylvère	423	2.3
tingwick	Tingwick	424	2.3
barnston-ouest	Barnston-Ouest	425	2.3
la-macaza	La Macaza	426	none
saint-maurice	Saint-Maurice	427	2.3
la-minerve	La Minerve	428	2.3
shawinigan	Shawinigan	429	2.3
waterville	Waterville	430	2.2
saint-georges-de-windsor	Saint-Georges-de-Windsor	431	2.3
saint-mathieu-du-parc	Saint-Mathieu-du-Parc	432	2.3
saint-michel-des-saints	Saint-Michel-des-Saints	433	2.3
lochaber-partie-ouest	Lochaber-Partie-Ouest	434	2.3
daveluyville	Daveluyville	435	2.3
maddington-falls	Maddington Falls	436	2.3
mayo	Mayo	437	none
victoriaville	Victoriaville	438	2.3
montpellier	Montpellier	439	none
stoke	Stoke	440	2.3
compton	Compton	441	2.3
champlain	Champlain	442	2.3
saint-rosaire	Saint-Rosaire	443	2.3
wotton	Wotton	444	2.3
duhamel	Duhamel	445	2.3
saint-luc-de-vincennes	Saint-Luc-de-Vincennes	446	2.3
ascot-corner	Ascot Corner	447	2.3
saint-remi-de-tingwick	Saint-Rémi-de-Tingwick	448	2.3
sainte-marie-de-blandford	Sainte-Marie-de-Blandford	449	2.3
coaticook	Coaticook	450	2.3
mulgrave-et-derry	Mulgrave-et-Derry	451	2.3
saint-christophe-darthabaska	Saint-Christophe-d'Arthabaska	452	2.3
lemieux	Lemieux	453	none
saint-narcisse	Saint-Narcisse	454	2.3
saint-adrien	Saint-Adrien	455	2.3
saint-camille	Saint-Camille	456	2.3
saint-louis-de-blandford	Saint-Louis-de-Blandford	457	2.3
chesterville	Chesterville	458	2.3
lange-gardien-les-collines-de-loutaouais	L'Ange-Gardien	459	2.3
westbury	Westbury	460	2.3
cookshire-eaton	Cookshire-Eaton	461	2.3
east-angus	East Angus	462	2.3
martinville	Martinville	463	2.3
herouxville	Hérouxville	464	2.3
sainte-genevieve-de-batiscan	Sainte-Geneviève-de-Batiscan	465	2.3
batiscan	Batiscan	466	2.3
princeville	Princeville	467	2.3
dixville	Dixville	468	2.3
saint-norbert-darthabaska	Saint-Norbert-d'Arthabaska	469	2.3
sainte-edwidge-de-clifton	Sainte-Edwidge-de-Clifton	470	2.3
notre-dame-de-ham	Notre-Dame-de-Ham	471	2.3
lascension	L'Ascension	472	2.2
saint-pierre-les-becquets	Saint-Pierre-les-Becquets	473	2.3
sainte-cecile-de-levrard	Sainte-Cécile-de-Lévrard	474	2.3
sainte-sophie-de-levrard	Sainte-Sophie-de-Lévrard	475	2.3
nominingue	Nominingue	476	2.3
saint-stanislas-des-chenaux	Saint-Stanislas	477	2.3
saint-severin-mekinac	Saint-Séverin	478	2.3
grandes-piles	Grandes-Piles	479	2.3
dudswell	Dudswell	480	2.3
manseau	Manseau	481	2.3
riviere-rouge	Rivière-Rouge	482	2.3
ham-nord	Ham-Nord	483	2.3
sainte-helene-de-chester	Sainte-Hélène-de-Chester	484	2.3
ham-sud	Ham-Sud	485	2.3
saint-tite	Saint-Tite	486	2.3
notre-dame-de-la-salette	Notre-Dame-de-la-Salette	487	2.3
val-des-bois	Val-des-Bois	488	2.3
saint-hermenegilde	Saint-Herménégilde	489	2.3
saint-roch-de-mekinac	Saint-Roch-de-Mékinac	490	2.3
saint-prosper-de-champlain	Saint-Prosper-de-Champlain	491	2.3
plessisville	Plessisville	492	2.3
sainte-sophie-dhalifax	Sainte-Sophie-d'Halifax	493	2.3
saint-fortunat	Saint-Fortunat	494	2.3
sainte-anne-de-la-perade	Sainte-Anne-de-la-Pérade	495	2.3
deschaillons-sur-saint-laurent	Deschaillons-sur-Saint-Laurent	496	2.3
fortierville	Fortierville	497	2.3
parisville	Parisville	498	2.3
sainte-francoise-becancour	Sainte-Françoise	499	2.3
notre-dame-de-lourdes-lerable	Notre-Dame-de-Lourdes	500	2.3
saint-adelphe	Saint-Adelphe	501	2.3
saints-martyrs-canadiens	Saints-Martyrs-Canadiens	502	2.3
gatineau	Gatineau	503	2.3
villeroy	Villeroy	504	2.3
bury	Bury	505	2.3
saint-isidore-de-clifton	Saint-Isidore-de-Clifton	506	2.3
saint-malo	Saint-Malo	507	2.3
val-des-monts	Val-des-Monts	508	2.3
notre-dame-du-laus	Notre-Dame-du-Laus	509	none
saint-ferdinand	Saint-Ferdinand	510	2.3
newport	Newport	511	2.3
east-hereford	East Hereford	512	2.3
weedon	Weedon	513	2.3
lac-saguay	Lac-Saguay	514	2.3
saint-julien	Saint-Julien	515	2.3
saint-venant-de-paquette	Saint-Venant-de-Paquette	516	2.3
saint-jacques-le-majeur-de-wolfestown	Saint-Jacques-le-Majeur-de-Wolfestown	517	2.3
sainte-thecle	Sainte-Thècle	518	2.3
saint-casimir	Saint-Casimir	519	2.3
bowman	Bowman	520	2.3
kiamika	Kiamika	521	2.3
saint-pierre-baptiste	Saint-Pierre-Baptiste	522	2.3
leclercville	Leclercville	523	2.3
laurierville	Laurierville	524	2.3
cantley	Cantley	525	2.3
beaulac-garthby	Beaulac-Garthby	526	none
saint-thuribe	Saint-Thuribe	527	2.3
denholm	Denholm	528	2.3
irlande	Irlande	529	none
val-alain	Val-Alain	530	2.3
lac-du-cerf	Lac-du-Cerf	531	2.3
deschambault-grondines	Deschambault-Grondines	532	2.3
saint-ubalde	Saint-Ubalde	533	2.3
lingwick	Lingwick	534	none
saint-marc-des-carrieres	Saint-Marc-des-Carrières	535	2.3
lac-aux-sables	Lac-aux-Sables	536	2.3
disraeli-les-appalaches	Disraeli	537	2.3
trois-rives	Trois-Rives	538	2.3
lotbiniere	Lotbinière	539	none
disraeli-les-appalaches-2	Disraeli	540	none
scotstown	Scotstown	541	2.3
chelsea	Chelsea	542	2.3
saint-adrien-dirlande	Saint-Adrien-d'Irlande	543	2.3
lac-des-ecorces	Lac-des-Écorces	544	2.3
saint-edouard-de-lotbiniere	Saint-Édouard-de-Lotbinière	545	2.3
stratford	Stratford	546	2.3
saint-jean-de-brebeuf	Saint-Jean-de-Brébeuf	547	2.3
saint-alban	Saint-Alban	548	2.3
hampden	Hampden	549	2.3
lyster	Lyster	550	2.2
chute-saint-philippe	Chute-Saint-Philippe	551	2.3
inverness	Inverness	552	2.3
saint-gilbert	Saint-Gilbert	553	2.3
saint-joseph-de-coleraine	Saint-Joseph-de-Coleraine	554	2.3
la-patrie	La Patrie	555	2.3
saint-janvier-de-joly	Saint-Janvier-de-Joly	556	2.3
saint-aime-du-lac-des-iles	Saint-Aimé-du-Lac-des-Îles	557	2.3
notre-dame-de-montauban	Notre-Dame-de-Montauban	558	2.3
chartierville	Chartierville	559	2.3
notre-dame-de-pontmain	Notre-Dame-de-Pontmain	560	none
sainte-praxede	Sainte-Praxède	561	2.3
lac-sainte-marie	Lac-Sainte-Marie	562	2.3
stornoway	Stornoway	563	2.3
portneuf	Portneuf	564	2.3
sainte-croix	Sainte-Croix	565	2.3
low	Low	566	2.3
laurier-station	Laurier-Station	567	2.3
milan	Milan	568	none
thetford-mines	Thetford Mines	569	2.3
kinnears-mills	Kinnear's Mills	570	2.3
dosquet	Dosquet	571	2.3
sainte-christine-dauvergne	Sainte-Christine-d'Auvergne	572	2.3
lac-saint-paul	Lac-Saint-Paul	573	2.2
notre-dame-du-sacre-coeur-dissoudun	Notre-Dame-du-Sacré-Coeur-d'Issoudun	574	2.3
cap-sante	Cap-Santé	575	2.3
saint-flavien	Saint-Flavien	576	2.3
sainte-agathe-de-lotbiniere	Sainte-Agathe-de-Lotbinière	577	2.3
donnacona	Donnacona	578	2.3
saint-jacques-de-leeds	Saint-Jacques-de-Leeds	579	2.3
val-racine	Val-Racine	580	2.3
saint-romain	Saint-Romain	581	2.3
la-peche	La Pêche	582	2.3
saint-basile	Saint-Basile	583	2.3
mont-laurier	Mont-Laurier	584	2.3
notre-dame-des-bois	Notre-Dame-des-Bois	585	2.3
gracefield	Gracefield	586	2.3
lambton	Lambton	587	2.3
sainte-therese-de-la-gatineau	Sainte-Thérèse-de-la-Gatineau	588	2.3
mont-saint-michel	Mont-Saint-Michel	589	2.3
bouchette	Bouchette	590	2.3
adstock	Adstock	591	2.3
saint-leonard-de-portneuf	Saint-Léonard-de-Portneuf	592	2.3
pontiac	Pontiac	593	2.3
nantes	Nantes	594	2.3
riviere-a-pierre	Rivière-à-Pierre	595	2.3
deleage	Déléage	596	2.3
kazabazua	Kazabazua	597	2.3
saint-agapit	Saint-Agapit	598	2.3
saint-antoine-de-tilly	Saint-Antoine-de-Tilly	599	2.3
saint-apollinaire	Saint-Apollinaire	600	2.3
saint-pierre-de-broughton	Saint-Pierre-de-Broughton	601	2.3
neuville	Neuville	602	2.3
saint-gilles	Saint-Gilles	603	2.3
pont-rouge	Pont-Rouge	604	2.3
marston	Marston	605	2.3
courcelles-saint-evariste	Courcelles-Saint-Évariste	606	2.3
piopolis	Piopolis	607	2.3
saint-sylvestre	Saint-Sylvestre	608	2.3
saint-sebastien-le-granit	Saint-Sébastien	609	2.3
saint-patrice-de-beaurivage	Saint-Patrice-de-Beaurivage	610	2.3
sainte-cecile-de-whitton	Sainte-Cécile-de-Whitton	611	2.3
aumond	Aumond	612	2.3
sainte-clotilde-de-beauce	Sainte-Clotilde-de-Beauce	613	2.3
lac-sergent	Lac-Sergent	614	2.3
east-broughton	East Broughton	615	2.3
sacre-coeur-de-jesus	Sacré-Coeur-de-Jésus	616	2.3
lac-megantic	Lac-Mégantic	617	none
blue-sea	Blue Sea	618	2.3
saint-narcisse-de-beaurivage	Saint-Narcisse-de-Beaurivage	619	2.3
sainte-anne-du-lac	Sainte-Anne-du-Lac	620	2.3
maniwaki	Maniwaki	621	2.3
messines	Messines	622	2.3
la-guadeloupe	La Guadeloupe	623	2.3
saint-raymond	Saint-Raymond	624	2.3
ferme-neuve	Ferme-Neuve	625	2.3
sainte-catherine-de-la-jacques-cartier	Sainte-Catherine-de-la-Jacques-Cartier	626	2.3
alleyn-et-cawood	Alleyn-et-Cawood	627	2.3
saint-augustin-de-desmaures	Saint-Augustin-de-Desmaures	628	2.3
saint-augustin-de-woburn	Saint-Augustin-de-Woburn	629	2.3
saint-ephrem-de-beauce	Saint-Éphrem-de-Beauce	630	2.3
egan-sud	Egan-Sud	631	2.3
lac-drolet	Lac-Drolet	632	2.3
saint-severin-beauce-centre	Saint-Séverin	633	2.3
saint-hilaire-de-dorset	Saint-Hilaire-de-Dorset	634	2.3
fossambault-sur-le-lac	Fossambault-sur-le-Lac	635	2.3
saint-bernard	Saint-Bernard	636	2.3
frontenac	Frontenac	637	2.3
tring-jonction	Tring-Jonction	638	2.3
lac-saint-joseph	Lac-Saint-Joseph	639	2.3
saint-elzear-la-nouvelle-beauce	Saint-Elzéar	640	2.3
bois-franc	Bois-Franc	641	2.3
saint-lambert-de-lauzon	Saint-Lambert-de-Lauzon	642	2.3
saint-victor	Saint-Victor	643	2.3
saint-frederic	Saint-Frédéric	644	2.3
grand-remous	Grand-Remous	645	2.2
saint-jules	Saint-Jules	646	2.3
cayamant	Cayamant	647	2.3
shannon	Shannon	648	2.3
saint-honore-de-shenley	Saint-Honoré-de-Shenley	649	2.3
audet	Audet	650	none
scott	Scott	651	2.3
lac-poulin	Lac-Poulin	652	none
lancienne-lorette	L'Ancienne-Lorette	653	2.3
sainte-marie	Sainte-Marie	654	2.3
saint-benoit-labre	Saint-Benoît-Labre	655	2.3
levis	Lévis	656	2.3
saint-joseph-des-erables	Saint-Joseph-des-Érables	657	2.3
thorne	Thorne	658	2.3
saint-alfred	Saint-Alfred	659	2.3
saint-isidore-la-nouvelle-beauce	Saint-Isidore	660	2.3
vallee-jonction	Vallée-Jonction	661	2.3
bristol	Bristol	662	none
saint-ludger	Saint-Ludger	663	2.3
shawville	Shawville	664	2.3
montcerf-lytton	Montcerf-Lytton	665	2.3
quebec	Québec	666	none
saint-gabriel-de-valcartier	Saint-Gabriel-de-Valcartier	667	2.3
otter-lake	Otter Lake	668	2.3
clarendon	Clarendon	669	2.3
sainte-henedine	Sainte-Hénédine	670	2.3
saint-gedeon-de-beauce	Saint-Gédéon-de-Beauce	671	2.3
saint-joseph-de-beauce	Saint-Joseph-de-Beauce	672	2.3
saints-anges	Saints-Anges	673	2.3
notre-dame-des-anges	Notre-Dame-des-Anges	674	none
beauceville	Beauceville	675	2.3
saint-martin	Saint-Martin	676	2.3
sainte-marguerite	Sainte-Marguerite	677	2.3
lac-delage	Lac-Delage	678	none
notre-dame-des-pins	Notre-Dame-des-Pins	679	none
saint-georges	Saint-Georges	680	2.3
saint-henri	Saint-Henri	681	2.3
saint-anselme	Saint-Anselme	682	2.3
saint-rene	Saint-René	683	2.3
litchfield	Litchfield	684	2.3
campbells-bay	Campbell's Bay	685	2.3
saint-robert-bellarmin	Saint-Robert-Bellarmin	686	2.3
bryson	Bryson	687	none
la-bostonnais	La Bostonnais	688	2.3
saint-simon-les-mines	Saint-Simon-les-Mines	689	2.3
frampton	Frampton	690	2.3
lac-beauport	Lac-Beauport	691	2.3
sainte-petronille	Sainte-Pétronille	692	2.3
portage-du-fort	Portage-du-Fort	693	2.3
sainte-claire	Sainte-Claire	694	2.3
honfleur	Honfleur	695	none
boischatel	Boischatel	696	2.3
saint-odilon-de-cranbourne	Saint-Odilon-de-Cranbourne	697	2.3
lile-du-grand-calumet	L'Île-du-Grand-Calumet	698	2.3
saint-philibert	Saint-Philibert	699	2.3
saint-come-liniere	Saint-Come-Liniere	700	2.3
stoneham-et-tewkesbury	Stoneham-et-Tewkesbury	701	2.3
saint-charles-de-bellechasse	Saint-Charles-de-Bellechasse	702	2.3
saint-benjamin	Saint-Benjamin	703	2.3
saint-malachie	Saint-Malachie	704	2.3
beaumont	Beaumont	705	none
lange-gardien-la-cote-de-beaupre	L'Ange-Gardien	706	2.3
saint-pierre-de-lile-dorleans	Saint-Pierre-de-l'Île-d'Orléans	707	2.3
saint-gervais	Saint-Gervais	708	2.3
saint-laurent-de-lile-dorleans	Saint-Laurent-de-l'Île-d'Orléans	709	2.3
fort-coulonge	Fort-Coulonge	710	none
saint-theophile	Saint-Théophile	711	2.3
sainte-brigitte-de-laval	Sainte-Brigitte-de-Laval	712	2.3
saint-lazare-de-bellechasse	Saint-Lazare-de-Bellechasse	713	2.3
mansfield-et-pontefract	Mansfield-et-Pontefract	714	none
saint-prosper	Saint-Prosper	715	2.3
saint-leon-de-standon	Saint-Léon-de-Standon	716	2.3
saint-nazaire-de-dorchester	Saint-Nazaire-de-Dorchester	717	2.3
lac-edouard	Lac-Édouard	718	2.3
la-durantaye	La Durantaye	719	none
saint-michel-de-bellechasse	Saint-Michel-de-Bellechasse	720	2.3
chateau-richer	Château-Richer	721	none
lac-etchemin	Lac-Etchemin	722	2.3
saint-damien-de-buckland	Saint-Damien-de-Buckland	723	2.3
saint-neree-de-bellechasse	Saint-Nérée-de-Bellechasse	724	2.3
saint-zacharie	Saint-Zacharie	725	2.3
sainte-famille-de-lile-dorleans	Sainte-Famille-de-l'Île-d'Orléans	726	2.3
sainte-rose-de-watford	Sainte-Rose-de-Watford	727	2.3
sainte-aurelie	Sainte-Aurélie	728	2.3
saint-jean-de-lile-dorleans	Saint-Jean-de-l'Île-d'Orléans	729	2.3
saint-raphael	Saint-Raphaël	730	2.3
saint-vallier	Saint-Vallier	731	2.3
notre-dame-auxiliatrice-de-buckland	Notre-Dame-Auxiliatrice-de-Buckland	732	none
saint-luc-de-bellechasse	Saint-Luc-de-Bellechasse	733	2.3
sainte-anne-de-beaupre	Sainte-Anne-de-Beaupré	734	2.3
saint-louis-de-gonzague-les-etchemins	Saint-Louis-de-Gonzague	735	2.3
waltham	Waltham	736	2.3
beaupre	Beaupré	737	2.3
saint-francois-de-la-riviere-du-sud	Saint-François-de-la-Rivière-du-Sud	738	2.3
sainte-justine	Sainte-Justine	739	2.3
armagh	Armagh	740	2.3
berthier-sur-mer	Berthier-sur-Mer	741	2.3
saint-francois-de-lile-dorleans	Saint-François-de-l'Île-d'Orléans	742	2.3
sainte-sabine-les-etchemins	Sainte-Sabine	743	2.3
lisle-aux-allumettes	L'Isle-aux-Allumettes	744	none
saint-cyprien-les-etchemins	Saint-Cyprien	745	2.3
saint-philemon	Saint-Philémon	746	2.3
saint-louis-de-gonzague-du-cap-tourmente	Saint-Louis-de-Gonzague-du-Cap-Tourmente	747	2.3
saint-pierre-de-la-riviere-du-sud	Saint-Pierre-de-la-Rivière-du-Sud	748	2.3
saint-ferreol-les-neiges	Saint-Ferréol-les-Neiges	749	2.3
saint-joachim	Saint-Joachim	750	2.3
sainte-euphemie-sur-riviere-du-sud	Sainte-Euphémie-sur-Rivière-du-Sud	751	2.3
saint-magloire	Saint-Magloire	752	2.3
chichester	Chichester	753	none
montmagny	Montmagny	754	2.3
saint-camille-de-lellis	Saint-Camille-de-Lellis	755	2.3
saint-paul-de-montminy	Saint-Paul-de-Montminy	756	2.3
saint-tite-des-caps	Saint-Tite-des-Caps	757	2.3
notre-dame-du-rosaire	Notre-Dame-du-Rosaire	758	2.3
la-tuque	La Tuque	759	2.3
saint-antoine-de-lisle-aux-grues	Saint-Antoine-de-l'Isle-aux-Grues	760	2.3
saint-just-de-bretenieres	Saint-Just-de-Bretenières	761	2.3
saint-fabien-de-panet	Saint-Fabien-de-Panet	762	2.3
cap-saint-ignace	Cap-Saint-Ignace	763	2.3
sainte-apolline-de-patton	Sainte-Apolline-de-Patton	764	2.3
sheenboro	Sheenboro	765	2.3
lac-frontiere	Lac-Frontière	766	2.3
petite-riviere-saint-francois	Petite-Rivière-Saint-François	767	2.3
sainte-lucie-de-beauregard	Sainte-Lucie-de-Beauregard	768	2.3
lislet	L'Islet	769	2.3
saint-cyrille-de-lessard	Saint-Cyrille-de-Lessard	770	2.3
baie-saint-paul	Baie-Saint-Paul	771	2.3
saint-marcel	Saint-Marcel	772	2.3
lac-bouchette	Lac-Bouchette	773	2.3
saint-adalbert	Saint-Adalbert	774	2.3
saint-jean-port-joli	Saint-Jean-Port-Joli	775	2.3
saint-aubert	Saint-Aubert	776	2.3
lisle-aux-coudres	L'Isle-aux-Coudres	777	2.3
sainte-felicite-lislet	Sainte-Félicité	778	2.3
saint-urbain	Saint-Urbain	779	2.3
tourville	Tourville	780	2.3
saint-roch-des-aulnaies	Saint-Roch-des-Aulnaies	781	2.3
saint-damase-de-lislet	Saint-Damase-de-L'Islet	782	2.3
sainte-louise	Sainte-Louise	783	2.3
saint-francois-de-sales	Saint-François-de-Sales	784	2.3
saint-pamphile	Saint-Pamphile	785	2.3
rapides-des-joachims	Rapides-des-Joachims	786	none
sainte-perpetue-lislet	Sainte-Perpétue	787	2.3
les-eboulements	Les Éboulements	788	2.3
sainte-hedwidge	Sainte-Hedwidge	789	2.3
saint-hilarion	Saint-Hilarion	790	2.3
saint-andre-du-lac-saint-jean	Saint-André-du-Lac-Saint-Jean	791	2.3
notre-dame-des-monts	Notre-Dame-des-Monts	792	2.3
la-pocatiere	La Pocatière	793	2.3
saint-omer	Saint-Omer	794	2.3
sainte-anne-de-la-pocatiere	Sainte-Anne-de-la-Pocatière	795	2.3
saint-onesime-dixworth	Saint-Onésime-d'Ixworth	796	2.3
saint-irenee	Saint-Irénée	797	2.3
chambord	Chambord	798	none
desbiens	Desbiens	799	2.3
metabetchouan-lac-a-la-croix	Métabetchouan-Lac-à-la-Croix	800	2.3
roberval	Roberval	801	none
saint-aime-des-lacs	Saint-Aimé-des-Lacs	802	2.3
hebertville	Hébertville	803	2.3
riviere-ouelle	Rivière-Ouelle	804	2.3
saint-pacome	Saint-Pacôme	805	2.3
saint-gabriel-lalemant	Saint-Gabriel-Lalemant	806	2.3
clermont-charlevoix-est	Clermont	807	2.3
saint-prime	Saint-Prime	808	2.3
saint-denis-de-la-bouteillerie	Saint-Denis-De La Bouteillerie	809	2.3
saint-philippe-de-neri	Saint-Philippe-de-Néri	810	2.3
mont-carmel	Mont-Carmel	811	2.3
hebertville-station	Hébertville-Station	812	2.3
ferland-et-boilleau	Ferland-et-Boilleau	813	2.3
la-malbaie	La Malbaie	814	none
saint-gedeon	Saint-Gédéon	815	2.3
saint-bruno	Saint-Bruno	816	2.3
kamouraska	Kamouraska	817	2.3
larouche	Larouche	818	2.3
la-dore	La Doré	819	2.3
saint-felicien	Saint-Félicien	820	2.3
saint-pascal	Saint-Pascal	821	2.3
saint-bruno-de-kamouraska	Saint-Bruno-de-Kamouraska	822	2.3
saguenay	Saguenay	823	2.3
saint-germain-de-kamouraska	Saint-Germain-de-Kamouraska	824	2.3
alma	Alma	825	2.3
saint-charles-de-bourget	Saint-Charles-de-Bourget	826	2.3
sainte-helene-de-kamouraska	Sainte-Hélène-de-Kamouraska	827	2.3
saint-nazaire	Saint-Nazaire	828	2.3
saint-henri-de-taillon	Saint-Henri-de-Taillon	829	2.3
normandin	Normandin	830	2.3
lanse-saint-jean	L'Anse-Saint-Jean	831	2.3
saint-ambroise	Saint-Ambroise	832	2.3
saint-joseph-de-kamouraska	Saint-Joseph-de-Kamouraska	833	2.3
saint-athanase	Saint-Athanase	834	2.3
saint-andre-de-kamouraska	Saint-André-de-Kamouraska	835	2.3
saint-felix-dotis	Saint-Félix-d'Otis	836	2.3
peribonka	Péribonka	837	none
riviere-eternite	Rivière-Éternité	838	none
lascension-de-notre-seigneur	L'Ascension-de-Notre-Seigneur	839	2.3
dolbeau-mistassini	Dolbeau-Mistassini	840	2.3
sainte-monique-lac-saint-jean-est	Sainte-Monique	841	2.3
saint-honore	Saint-Honoré	842	2.3
saint-augustin-maria-chapdelaine	Saint-Augustin	843	2.3
saint-simeon-charlevoix-est	Saint-Siméon	844	2.3
saint-thomas-didyme	Saint-Thomas-Didyme	845	2.3
saint-alexandre-de-kamouraska	Saint-Alexandre-de-Kamouraska	846	2.3
labrecque	Labrecque	847	2.3
albanel	Albanel	848	2.3
saint-edmond-les-plaines	Saint-Edmond-les-Plaines	849	2.3
notre-dame-du-portage	Notre-Dame-du-Portage	850	2.3
saint-fulgence	Saint-Fulgence	851	2.3
sainte-rose-du-nord	Sainte-Rose-du-Nord	852	2.3
begin	Bégin	853	2.3
sainte-jeanne-darc-maria-chapdelaine	Sainte-Jeanne-d'Arc	854	2.3
pohenegamook	Pohénégamook	855	none
saint-eugene-dargentenay	Saint-Eugène-d'Argentenay	856	2.3
saint-david-de-falardeau	Saint-David-de-Falardeau	857	2.3
girardville	Girardville	858	2.3
petit-saguenay	Petit-Saguenay	859	2.3
lamarche	Lamarche	860	2.3
saint-ludger-de-milot	Saint-Ludger-de-Milot	861	2.3
saint-antonin	Saint-Antonin	862	2.3
riviere-du-loup	Rivière-du-Loup	863	2.3
baie-sainte-catherine	Baie-Sainte-Catherine	864	2.3
saint-stanislas-maria-chapdelaine	Saint-Stanislas	865	2.3
riviere-bleue	Rivière-Bleue	866	2.3
notre-dame-de-lorette	Notre-Dame-de-Lorette	867	2.3
saint-modeste	Saint-Modeste	868	2.3
cacouna	Cacouna	869	none
saint-honore-de-temiscouata	Saint-Honoré-de-Témiscouata	870	2.3
saint-elzear-de-temiscouata	Saint-Elzéar-de-Témiscouata	871	2.3
saint-arsene	Saint-Arsène	872	2.3
sacre-coeur	Sacré-Coeur	873	2.3
saint-marc-du-lac-long	Saint-Marc-du-Lac-Long	874	2.3
val-dor	Val-d'Or	875	2.3
saint-francois-xavier-de-viger	Saint-François-Xavier-de-Viger	876	2.3
tadoussac	Tadoussac	877	2.3
saint-epiphane	Saint-Épiphane	878	2.3
saint-hubert-de-riviere-du-loup	Saint-Hubert-de-Rivière-du-Loup	879	2.3
notre-dame-des-sept-douleurs	Notre-Dame-des-Sept-Douleurs	880	2.3
saint-eusebe	Saint-Eusèbe	881	2.3
saint-louis-du-ha-ha	Saint-Louis-du-Ha! Ha!	882	2.3
senneterre-la-vallee-de-lor	Senneterre	883	2.3
packington	Packington	884	2.3
senneterre-la-vallee-de-lor-2	Senneterre	885	2.3
lisle-verte	L'Isle-Verte	886	none
saint-jean-de-la-lande	Saint-Jean-de-la-Lande	887	2.3
saint-paul-de-la-croix	Saint-Paul-de-la-Croix	888	2.3
temiscouata-sur-le-lac	Témiscouata-sur-le-Lac	889	2.3
saint-pierre-de-lamy	Saint-Pierre-de-Lamy	890	2.3
saint-clement	Saint-Clément	891	2.3
les-bergeronnes	Les Bergeronnes	892	none
saint-eloi	Saint-Éloi	893	2.3
belcourt	Belcourt	894	none
temiscaming	Témiscaming	895	2.3
saint-cyprien-riviere-du-loup	Saint-Cyprien	896	2.3
saint-juste-du-lac	Saint-Juste-du-Lac	897	2.3
kipawa	Kipawa	898	none
trois-pistoles	Trois-Pistoles	899	2.3
notre-dame-des-neiges	Notre-Dame-des-Neiges	900	2.3
saint-jean-de-dieu	Saint-Jean-de-Dieu	901	2.3
belleterre	Belleterre	902	none
sainte-francoise-les-basques	Sainte-Françoise	903	2.3
sainte-rita	Sainte-Rita	904	2.3
degelis	Dégelis	905	2.3
auclair	Auclair	906	2.3
barraute	Barraute	907	2.3
champneuf	Champneuf	908	2.3
laforce	Laforce	909	2.3
saint-michel-du-squatec	Saint-Michel-du-Squatec	910	2.3
les-escoumins	Les Escoumins	911	2.3
malartic	Malartic	912	none
la-corne	La Corne	913	2.3
saint-simon-de-rimouski	Saint-Simon-de-Rimouski	914	2.3
saint-medard	Saint-Médard	915	2.3
saint-mathieu-de-rioux	Saint-Mathieu-de-Rioux	916	2.3
lejeune	Lejeune	917	2.3
riviere-heva	Rivière-Héva	918	2.3
saint-guy	Saint-Guy	919	2.3
lac-des-aigles	Lac-des-Aigles	920	2.3
latulipe-et-gaboury	Latulipe-et-Gaboury	921	2.3
bearn	Béarn	922	2.3
biencourt	Biencourt	923	2.3
moffet	Moffet	924	none
la-morandiere-rochebaucourt	La Morandière-Rochebaucourt	925	2.3
longue-rive	Longue-Rive	926	2.3
la-motte	La Motte	927	2.3
lebel-sur-quevillon	Lebel-sur-Quévillon	928	2.3
saint-fabien	Saint-Fabien	929	2.2
saint-marc-de-figuery	Saint-Marc-de-Figuery	930	2.2
landrienne	Landrienne	931	none
saint-eugene-de-ladriere	Saint-Eugène-de-Ladrière	932	2.2
esprit-saint	Esprit-Saint	933	2.3
fugereville	Fugèreville	934	none
saint-mathieu-dharricana	Saint-Mathieu-d'Harricana	935	2.3
amos	Amos	936	2.3
saint-edouard-de-fabre	Saint-Édouard-de-Fabre	937	2.3
portneuf-sur-mer	Portneuf-sur-Mer	938	none
remigny	Rémigny	939	2.3
laverlochere-angliers	Laverlochère-Angliers	940	2.3
chapais	Chapais	941	none
preissac	Preissac	942	2.3
lorrainville	Lorrainville	943	2.3
saint-valerien	Saint-Valérien	944	2.3
la-trinite-des-monts	La Trinité-des-Monts	945	2.3
chibougamau	Chibougamau	946	2.3
saint-felix-de-dalquier	Saint-Félix-de-Dalquier	947	2.3
saint-narcisse-de-rimouski	Saint-Narcisse-de-Rimouski	948	2.3
ville-marie	Ville-Marie	949	2.3
forestville	Forestville	950	2.3
rimouski	Rimouski	951	2.3
duhamel-ouest	Duhamel-Ouest	952	none
saint-eugene-de-guigues	Saint-Eugène-de-Guigues	953	2.3
guerin	Guérin	954	none
rouyn-noranda	Rouyn-Noranda	955	2.3
saint-dominique-du-rosaire	Saint-Dominique-du-Rosaire	956	2.2
sainte-gertrude-manneville	Sainte-Gertrude-Manneville	957	2.3
trecesson	Trécesson	958	2.3
saint-bruno-de-guigues	Saint-Bruno-de-Guigues	959	2.3
notre-dame-du-nord	Notre-Dame-du-Nord	960	none
nedelec	Nédélec	961	2.3
saint-marcellin	Saint-Marcellin	962	2.3
saint-anaclet-de-lessard	Saint-Anaclet-de-Lessard	963	2.3
launay	Launay	964	2.3
colombier	Colombier	965	none
berry	Berry	966	2.3
sainte-luce	Sainte-Luce	967	2.3
saint-gabriel-de-rimouski	Saint-Gabriel-de-Rimouski	968	2.3
les-hauteurs	Les Hauteurs	969	none
saint-donat-la-mitis	Saint-Donat	970	2.3
saint-charles-garnier	Saint-Charles-Garnier	971	2.3
taschereau	Taschereau	972	2.3
saint-joseph-de-lepage	Saint-Joseph-de-Lepage	973	2.3
sainte-flavie	Sainte-Flavie	974	2.3
mont-joli	Mont-Joli	975	2.3
sainte-angele-de-merici	Sainte-Angèle-de-Mérici	976	2.3
authier	Authier	977	2.3
sainte-jeanne-darc-la-mitis	Sainte-Jeanne-d'Arc	978	2.3
price	Price	979	none
poularies	Poularies	980	2.3
la-redemption	La Rédemption	981	2.3
duparquet	Duparquet	982	2.3
grand-metis	Grand-Métis	983	2.3
saint-octave-de-metis	Saint-Octave-de-Métis	984	2.3
sainte-germaine-boule	Sainte-Germaine-Boulé	985	2.3
padoue	Padoue	986	none
metis-sur-mer	Métis-sur-Mer	987	2.3
saint-moise	Saint-Moïse	988	2.3
authier-nord	Authier-Nord	989	2.3
ragueneau	Ragueneau	990	2.3
saint-zenon-du-lac-humqui	Saint-Zénon-du-Lac-Humqui	991	2.3
macamic	Macamic	992	2.3
lascension-de-patapedia	L'Ascension-de-Patapédia	993	none
rapide-danseur	Rapide-Danseur	994	2.3
palmarolle	Palmarolle	995	2.3
saint-cleophas	Saint-Cléophas	996	2.3
saint-noel	Saint-Noël	997	2.3
gallichan	Gallichan	998	2.3
sainte-irene	Sainte-Irène	999	2.3
chazel	Chazel	1000	2.3
pointe-aux-outardes	Pointe-aux-Outardes	1001	2.3
saint-leon-le-grand-la-matapedia	Saint-Léon-le-Grand	1002	2.3
saint-damase-la-matapedia	Saint-Damase	1003	2.3
baie-des-sables	Baie-des-Sables	1004	2.3
saint-francois-dassise	Saint-François-d'Assise	1005	2.3
chute-aux-outardes	Chute-aux-Outardes	1006	none
matagami	Matagami	1007	2.3
sayabec	Sayabec	1008	2.3
roquemaure	Roquemaure	1009	2.3
sainte-helene-de-mancebourg	Sainte-Hélène-de-Mancebourg	1010	2.3
la-sarre	La Sarre	1011	2.3
val-brillant	Val-Brillant	1012	2.3
albertville	Albertville	1013	2.3
saint-alexis-de-matapedia	Saint-Alexis-de-Matapédia	1014	2.3
clermont-abitibi-ouest	Clermont	1015	2.3
pointe-lebel	Pointe-Lebel	1016	none
val-saint-gilles	Val-Saint-Gilles	1017	2.3
lac-au-saumon	Lac-au-Saumon	1018	2.3
amqui	Amqui	1019	none
sainte-florence	Sainte-Florence	1020	2.3
clerval	Clerval	1021	2.3
saint-ulric	Saint-Ulric	1022	2.3
matapedia	Matapédia	1023	none
dupuy	Dupuy	1024	2.3
saint-leandre	Saint-Léandre	1025	2.3
saint-andre-de-restigouche	Saint-André-de-Restigouche	1026	2.3
sainte-paule	Sainte-Paule	1027	2.3
causapscal	Causapscal	1028	2.3
baie-comeau	Baie-Comeau	1029	2.3
saint-vianney	Saint-Vianney	1030	2.3
saint-alexandre-des-lacs	Saint-Alexandre-des-Lacs	1031	2.3
saint-tharcisius	Saint-Tharcisius	1032	2.3
la-reine	La Reine	1033	none
normetal	Normétal	1034	2.3
sainte-marguerite-marie	Sainte-Marguerite-Marie	1035	2.3
ristigouche-sud-est	Ristigouche-Sud-Est	1036	none
saint-lambert-abitibi-ouest	Saint-Lambert	1037	2.3
matane	Matane	1038	2.3
saint-rene-de-matane	Saint-René-de-Matane	1039	2.3
pointe-a-la-croix	Pointe-à-la-Croix	1040	none
saint-adelme	Saint-Adelme	1041	2.3
sainte-felicite-la-matanie	Sainte-Félicité	1042	2.3
franquelin	Franquelin	1043	none
escuminac	Escuminac	1044	none
saint-jean-de-cherbourg	Saint-Jean-de-Cherbourg	1045	2.3
grosses-roches	Grosses-Roches	1046	2.3
nouvelle	Nouvelle	1047	2.3
godbout	Godbout	1048	2.3
les-mechins	Les Méchins	1049	none
carleton-sur-mer	Carleton-sur-Mer	1050	2.3
baie-trinite	Baie-Trinité	1051	2.3
maria	Maria	1052	none
cap-chat	Cap-Chat	1053	2.3
cascapedia-saint-jules	Cascapedia-Saint-Jules	1054	none
new-richmond	New Richmond	1055	none
caplan	Caplan	1056	2.3
sainte-anne-des-monts	Sainte-Anne-des-Monts	1057	2.3
saint-alphonse	Saint-Alphonse	1058	2.3
saint-simeon-bonaventure	Saint-Siméon	1059	2.3
bonaventure	Bonaventure	1060	2.3
port-cartier	Port-Cartier	1061	2.3
saint-elzear-bonaventure	Saint-Elzéar	1062	2.3
new-carlisle	New Carlisle	1063	2.3
la-martre	La Martre	1064	2.3
paspebiac	Paspébiac	1065	2.3
marsoui	Marsoui	1066	2.3
hope	Hope	1067	2.3
hope-town	Hope Town	1068	2.3
saint-godefroi	Saint-Godefroi	1069	2.3
riviere-a-claude	Rivière-à-Claude	1070	2.3
shigawake	Shigawake	1071	2.3
mont-saint-pierre	Mont-Saint-Pierre	1072	2.3
port-daniel-gascons	Port-Daniel-Gascons	1073	2.3
murdochville	Murdochville	1074	2.3
saint-maxime-du-mont-louis	Saint-Maxime-du-Mont-Louis	1075	2.3
chandler	Chandler	1076	2.3
sainte-madeleine-de-la-riviere-madeleine	Sainte-Madeleine-de-la-Rivière-Madeleine	1077	2.3
grande-vallee	Grande-Vallée	1078	2.3
grande-riviere	Grande-Rivière	1079	2.3
petite-vallee	Petite-Vallée	1080	none
sainte-therese-de-gaspe	Sainte-Thérèse-de-Gaspé	1081	2.3
cloridorme	Cloridorme	1082	2.3
eeyou-istchee-james-bay	Eeyou Istchee James Bay	1083	none
sept-iles	Sept-Îles	1084	2.3
perce	Percé	1085	2.3
gaspe	Gaspé	1086	2.3
riviere-au-tonnerre	Rivière-au-Tonnerre	1087	2.3
riviere-saint-jean	Rivière-Saint-Jean	1088	2.3
longue-pointe-de-mingan	Longue-Pointe-de-Mingan	1089	none
lile-danticosti	L'Île-d'Anticosti	1090	2.3
les-iles-de-la-madeleine	Les Îles-de-la-Madeleine	1091	2.3
havre-saint-pierre	Havre-Saint-Pierre	1092	2.3
fermont	Fermont	1093	2.3
grosse-ile	Grosse-Île	1094	none
baie-johan-beetz	Baie-Johan-Beetz	1095	none
aguanish	Aguanish	1096	2.3
natashquan	Natashquan	1097	2.3
caniapiscau	Caniapiscau	1098	none
schefferville	Schefferville	1099	2.3
cote-nord-du-golfe-du-saint-laurent	Côte-Nord-du-Golfe-du-Saint-Laurent	1100	none
gros-mecatina	Gros-Mécatina	1101	none
saint-augustin-le-golfe-du-saint-laurent	Saint-Augustin	1102	2.3
bonne-esperance	Bonne-Espérance	1103	none
blanc-sablon	Blanc-Sablon	1104	2.3
